編號,標題,URL
01,連假期間4利空 台股開盤不妙 陶冬：只要QE不停 牛市就未結束,https://tw.appledaily.com/finance/daily/20200629/38669691
02,領到10萬紓困就債協 銀行憂倒帳率1成,https://tw.appledaily.com/finance/daily/20200629/38669700
03,4連勝發大財 中信雙贏 端午假期長紅,https://tw.appledaily.com/sports/daily/20200629/38669722
04,繼父潑熱水 4歲童腳潰爛 一度謊稱：她自己弄的 致5%二度燒燙傷 還拖延就醫,https://tw.appledaily.com/headline/daily/20200629/38669787
05,繼父不當管教 早在3月被列管,https://tw.appledaily.com/headline/daily/20200629/38669793
06,一字馬鎮全場 范乙霏超軟Q,https://tw.appledaily.com/sports/daily/20200629/38669737
07,機師偷吃酒女 被控射後不理 女方痔瘡脫肛 法官：難證性侵,https://tw.appledaily.com/headline/daily/20200629/38669796
08,王力宏頂學士帽唱畢業歌 祕密基地被點1.4億次,https://tw.appledaily.com/entertainment/daily/20200629/38669854
09,台股防守3均線 IC設計人氣不能散,https://tw.appledaily.com/finance/daily/20200629/38669704
10,周杰倫 炫妻小真身陪聊 IG圈粉600萬霸台星,https://tw.appledaily.com/entertainment/daily/20200629/38669846
